name,source_url,category,address,construction_period,historical_significance,description
Shaniwar Wada,https://www.indianeagle.com/traveldiary/tourist-attractions-in-pune,built,Pune,1732,"Built by Peshwa Bajirao I, this fort was the political center of the Maratha Empire for decades. Despite much of it being destroyed by fire, its stone walls and teak gates remain, hinting at its grand past and a famous assassination.","Step back in time at Shaniwar Wada, the once-mighty seat of the Maratha Empire. Though ravaged by fire, its imposing stone walls and grand teak gates still whisper tales of political intrigue and royal power. Stand where Peshwa Bajirao I envisioned a grand palace and ponder the dramatic events that unfolded within these historic confines."
Parvati Hill,https://www.indianeagle.com/traveldiary/tourist-attractions-in-pune,built,Pune,Built by the Peshwas,This hill features a series of 103 steps leading to temples built by the Peshwas. It offers panoramic views of the city and houses a small museum with historical artifacts.,"Embark on a spiritual and physical journey up Parvati Hill, a serene escape offering breathtaking city vistas. Ascend the 103 steps, each a prelude to the ancient temples dedicated to various deities, built by the illustrious Peshwas. Discover a small museum showcasing historical weapons, coins, and portraits, connecting you to Pune's rich past."
Pune-Okayama Friendship Garden (Pu La Deshpande Udyan),https://www.indianeagle.com/traveldiary/tourist-attractions-in-pune,natural,"Sinhagad Road, Pune",Unknown,"Inspired by the Japanese culture and ideology of gardening, this is the largest Japanese garden in Asia, designed to replicate the Kōraku-en Garden in Okayama, Japan.","Discover tranquility at the Pune-Okayama Friendship Garden, a sprawling Japanese-inspired oasis. This meticulously designed park, the largest of its kind in Asia, offers a serene escape with its tranquil ponds, manicured landscapes, and traditional Japanese elements. It's a peaceful retreat that beautifully blends cultural exchange with natural beauty."
Rasalgad Trek,https://www.holidify.com/collections/historical-places-in-pune,built,Near Pune,Unknown,Rasalgad is a fort that offers a glimpse into a forgotten era. The trek to the fort is accessible and rewards visitors with captivating views and historical structures.,"Embark on a journey to Rasalgad, a fort that whispers tales of a bygone era. This accessible trek promises not just a physical ascent but a descent into history, with breathtaking vistas and ancient structures that will transport you back in time. Prepare to be enchanted by the lost charms and intrigues of this captivating destination."
Dehu Gatha temple,https://www.holidify.com/collections/historical-places-in-pune,built,"Near Pune, on the bank of Indrayani River",Unknown,"Dehu is a significant pilgrimage site, home to the Gatha temple dedicated to Sant Tukaram Maharaj. The temple walls are adorned with carvings of his Gathas, making it a unique spiritual and cultural landmark.","Discover the spiritual heart of Dehu at the magnificent Gatha temple, a testament to the teachings of Sant Tukaram Maharaj. Marvel at the intricate carvings of his Gathas adorning the temple walls, offering a profound connection to this revered saint. Experience the serenity of the Indrayani River and witness the place where these sacred verses are said to have floated."
Pataleshwar cave temple,https://www.holidify.com/collections/historical-places-in-pune,built,Pune,8th Century,"This ancient rock-cut temple, dedicated to Shiva, dates back to the 8th century. It features a Shivalingam, a circular Nandi Mandapa, and an intriguing passage with stone pillars.","Step back in time at the Pataleshwar cave temple, an 8th-century marvel carved directly from rock. Dedicated to Lord Shiva, this sacred site features a prominent Shivalingam and a unique circular Nandi Mandapa. Explore the atmospheric passage with its stone pillars, offering a glimpse into the architectural and religious practices of ancient India."
David Synagogue,https://www.holidify.com/collections/historical-places-in-pune,built,Pune,Unknown,"Built by David Sasoon, this synagogue is renowned for its remarkable architecture and serves as a significant religious site for the Jewish community. It attracts many visitors for its spiritual and architectural grandeur.","Behold the architectural splendor of the David Synagogue, a testament to the vision of David Sasoon. This magnificent structure not only serves as a place of worship but also captivates visitors with its intricate design and historical significance. Admire the dedicated prayer hall for women and experience the unique blend of religious devotion and artistic craftsmanship."
Tribal Museum,https://www.holidify.com/collections/historical-places-in-pune,intangible,Pune,Unknown,"This museum showcases the rich culture, traditions, and livelihoods of tribal communities through a diverse collection of paintings, weapons, and artifacts.","Immerse yourself in the vibrant world of Pune's tribal communities at the Tribal Museum. This fascinating institution brings to life their unique cultures and daily lives through an engaging display of traditional paintings, ancient weapons, and intricate artifacts. It's a captivating journey into the heritage and artistry of these indigenous groups."
National War Museum,https://www.holidify.com/collections/historical-places-in-pune,built,Pune,Unknown,"Established through the collective efforts of many, this museum is dedicated to celebrating and raising awareness about the Indian army and its soldiers, honoring their sacrifices and contributions.","Pay homage to the brave soldiers of India at the National War Museum. This poignant institution stands as a tribute to the valor and sacrifices of the Indian army, fostering a deeper understanding and appreciation for their service. Explore exhibits that chronicle the nation's military history and honor the heroes who have defended it."
Mahatma Phule Museum,https://www.holidify.com/collections/historical-places-in-pune,built,Pune,Established in 1890,"Established in 1890, this museum houses a diverse collection of industrial products, agricultural tools, and handicraft articles, offering insights into the region's economic and cultural past.","Journey through Pune's industrial and cultural evolution at the Mahatma Phule Museum. Established in 1890, this repository showcases a fascinating array of industrial products, agricultural implements, and exquisite handicraft articles. It provides a valuable glimpse into the region's economic heritage and the ingenuity of its people."
Vishram Bagh Waada,https://www.holidify.com/collections/historical-places-in-pune,built,Pune,Unknown,"Though only ruins remain, Vishram Bagh Waada is known for its beautiful wooden facades and offers a glimpse into the architectural style and elements of ancient Marathi culture.","Explore the remnants of the once-grand Vishram Bagh Waada, a place celebrated for its exquisite wooden architecture. While only its ruins stand today, these vestiges offer a compelling glimpse into the sophisticated craftsmanship and cultural nuances of ancient Marathi heritage. Imagine the grandeur that once graced this site and appreciate the artistry that has endured through time."
Raja Dinkar Kelkar Museum,https://www.incredibleindia.gov.in/en/trips/trip-listing/punes-rich-tapestry-historical-to-modern,built,"Pune, Maharashtra",Unknown,"This museum houses an extensive collection of Indian artifacts, spanning over 15,000 objects from various periods and regions. It offers a comprehensive overview of Indian art, craft, and daily life through the ages.","Embark on a journey through India's artistic soul at the Raja Dinkar Kelkar Museum. This treasure trove showcases an astonishing array of artifacts, from delicate musical instruments to intricate textiles and ancient pottery. Each piece tells a story, offering a vibrant panorama of India's rich cultural heritage."
Tribal Cultural Museum,https://www.incredibleindia.gov.in/en/trips/trip-listing/punes-rich-tapestry-historical-to-modern,built,"Pune, Maharashtra",Unknown,"This museum is dedicated to preserving and showcasing the rich cultural heritage of various tribal communities in India. It provides insights into their traditions, art forms, and way of life.","Step into the vibrant world of India's indigenous communities at the Tribal Cultural Museum. This fascinating institution brings to life the diverse traditions, art, and daily lives of various tribal groups. It's a unique opportunity to connect with the ancestral wisdom and artistic expressions that form an integral part of India's cultural mosaic."
